{
  "intra_model_kl": {
    "mean": 0.10498016697020869,
    "std": 0.7332912638719792,
    "p95": 0.001697560445726344,
    "max": 5.238011130286834,
    "n_pairs": 950
  },
  "entropy": {
    "mean": 0.3241453230499114,
    "std": 0.27504923372889745,
    "n": 100
  },
  "token_agreement": {
    "mean": 0.9948837209302325,
    "std": 0.035813953488372095,
    "min": 0.7441860465116279,
    "n_pairs": 950
  },
  "expected_kl_ranges": {
    "same_model_same_quant": [
      0.0,
      0.05
    ],
    "same_model_diff_quant": [
      0.05,
      0.3
    ],
    "different_model": [
      1.0,
      100.0
    ]
  }
}